{"number_of_full_days_for_confidence": 3, "overall_signup_rate": {"experiment1": 0.04374704418411729, "experiment2": 0.042834133180341592, "experiment3": 0.045366443639859519, "experiment4": 0.041214733724599363}, "performance_of_experiment_3_versus_4": 1.622207496964805e-52, "performance_of_experiment_1_versus_2": 0.0035629271684456156}
