{"number_of_full_days_for_confidence": 4, "mean_revenue_per_visit": {"experiment1": 0.016381617251686333, "experiment2": 0.016554128550132965, "experiment3": 0.016095721511115501, "experiment4": 0.016840024290703796}}
